{
  "name": "Routing Network",
  "directed": false,
  "strict": false,
  "bb": "0,0,138,302.4",
  "splines": "spline",
  "_subgraph_cnt": 0,
  "objects": [
    {
      "_gvid": 0,
      "name": "1",
      "height": "0.5",
      "label": "\\N",
      "pos": "37,284.4",
      "width": "0.75"
    },
    {
      "_gvid": 1,
      "name": "4",
      "height": "0.5",
      "label": "\\N",
      "pos": "27,18",
      "width": "0.75"
    },
    {
      "_gvid": 2,
      "name": "2",
      "height": "0.5",
      "label": "\\N",
      "pos": "70,195.6",
      "width": "0.75"
    },
    {
      "_gvid": 3,
      "name": "5",
      "height": "0.5",
      "label": "\\N",
      "pos": "111,18",
      "width": "0.75"
    },
    {
      "_gvid": 4,
      "name": "3",
      "height": "0.5",
      "label": "\\N",
      "pos": "70,106.8",
      "width": "0.75"
    }
  ],
  "edges": [
    {
      "_gvid": 0,
      "tail": 0,
      "head": 1,
      "label": "1",
      "lp": "34.5,151.2",
      "pos": "36.227,266.19 35.6,252.06 34.708,231.54 34,213.6 31.413,148.07 28.727,70.102 27.578,36.182"
    },
    {
      "_gvid": 1,
      "tail": 0,
      "head": 2,
      "label": "10",
      "lp": "63,240",
      "pos": "43.363,266.66 49.206,251.29 57.819,228.64 63.657,213.28"
    },
    {
      "_gvid": 2,
      "tail": 2,
      "head": 3,
      "label": "1",
      "lp": "114.5,106.8",
      "pos": "80.683,178.77 89.258,165.12 100.71,144.56 106,124.8 114.14,94.426 113.63,57.424 112.4,36.2"
    },
    {
      "_gvid": 3,
      "tail": 2,
      "head": 4,
      "label": "5",
      "lp": "73.5,151.2",
      "pos": "70,177.45 70,162.23 70,140.12 70,124.91"
    },
    {
      "_gvid": 4,
      "tail": 4,
      "head": 1,
      "label": "3",
      "lp": "55.5,62.4",
      "pos": "61.912,89.474 54.224,73.955 42.727,50.747 35.052,35.253"
    },
    {
      "_gvid": 5,
      "tail": 4,
      "head": 3,
      "label": "1",
      "lp": "97.5,62.4",
      "pos": "77.712,89.474 84.996,74.053 95.865,51.041 103.18,35.548"
    }
  ]
}