{
  "name": "G",
  "directed": false,
  "strict": false,
  "bb": "0,0,220,607.2",
  "_subgraph_cnt": 0,
  "objects": [
    {
      "_gvid": 0,
      "name": "1",
      "height": "0.5",
      "label": "\\N",
      "pos": "115,589.2",
      "width": "0.75"
    },
    {
      "_gvid": 1,
      "name": "2",
      "height": "0.5",
      "label": "\\N",
      "pos": "167,500.4",
      "width": "0.75"
    },
    {
      "_gvid": 2,
      "name": "3",
      "height": "0.5",
      "label": "\\N",
      "pos": "138,411.6",
      "width": "0.75"
    },
    {
      "_gvid": 3,
      "name": "4",
      "height": "0.5",
      "label": "\\N",
      "pos": "66,411.6",
      "width": "0.75"
    },
    {
      "_gvid": 4,
      "name": "5",
      "height": "0.5",
      "label": "\\N",
      "pos": "193,357.6",
      "width": "0.75"
    },
    {
      "_gvid": 5,
      "name": "6",
      "height": "0.5",
      "label": "\\N",
      "pos": "143,249.6",
      "width": "0.75"
    },
    {
      "_gvid": 6,
      "name": "7",
      "height": "0.5",
      "label": "\\N",
      "pos": "27,303.6",
      "width": "0.75"
    },
    {
      "_gvid": 7,
      "name": "10",
      "height": "0.5",
      "label": "\\N",
      "pos": "88,18",
      "width": "0.75"
    },
    {
      "_gvid": 8,
      "name": "8",
      "height": "0.5",
      "label": "\\N",
      "pos": "88,195.6",
      "width": "0.75"
    },
    {
      "_gvid": 9,
      "name": "9",
      "height": "0.5",
      "label": "\\N",
      "pos": "88,106.8",
      "width": "0.75"
    }
  ],
  "edges": [
    {
      "_gvid": 0,
      "tail": 0,
      "head": 1,
      "label": "3",
      "lp": "148.5,544.8",
      "pos": "124.54,572.28 133.86,556.72 147.98,533.14 157.35,517.51"
    },
    {
      "_gvid": 1,
      "tail": 0,
      "head": 2,
      "label": "7",
      "lp": "127.5,500.4",
      "pos": "115.87,570.91 117.06,549.9 119.58,513.43 124,482.4 126.6,464.17 130.91,443.51 134.07,429.43"
    },
    {
      "_gvid": 2,
      "tail": 0,
      "head": 3,
      "label": "2",
      "lp": "98.5,500.4",
      "pos": "110.3,571.36 100.94,537.8 80.038,462.91 70.684,429.39"
    },
    {
      "_gvid": 3,
      "tail": 1,
      "head": 2,
      "label": "4",
      "lp": "158.5,456",
      "pos": "161.41,482.66 156.27,467.29 148.7,444.64 143.57,429.28"
    },
    {
      "_gvid": 4,
      "tail": 1,
      "head": 4,
      "label": "1",
      "lp": "179.5,456",
      "pos": "170.14,482.42 175.13,455.35 184.85,402.74 189.85,375.64"
    },
    {
      "_gvid": 5,
      "tail": 2,
      "head": 5,
      "label": "5",
      "lp": "143.5,357.6",
      "pos": "138.54,393.48 139.5,362.68 141.51,298.31 142.47,267.6"
    },
    {
      "_gvid": 6,
      "tail": 2,
      "head": 6,
      "label": "9",
      "lp": "103.5,357.6",
      "pos": "123.29,396.42 108.38,382.07 84.625,359.25 64,339.6 56.83,332.77 48.851,325.22 42.145,318.88"
    },
    {
      "_gvid": 7,
      "tail": 3,
      "head": 6,
      "label": "8",
      "lp": "56.5,357.6",
      "pos": "59.906,394.04 52.622,374.24 40.501,341.3 33.18,321.4"
    },
    {
      "_gvid": 8,
      "tail": 3,
      "head": 8,
      "label": "3",
      "lp": "82.5,303.6",
      "pos": "67.763,393.45 71.882,353.38 82.101,253.98 86.228,213.83"
    },
    {
      "_gvid": 9,
      "tail": 4,
      "head": 9,
      "label": "6",
      "lp": "194.5,249.6",
      "pos": "194.15,339.36 195.83,300.25 194.76,203.45 149,142.8 139.59,130.32 124.34,121.57 111.44,115.94"
    },
    {
      "_gvid": 10,
      "tail": 5,
      "head": 7,
      "label": "2",
      "lp": "141.5,151.2",
      "pos": "142.95,231.4 142.42,201.66 139.38,139.02 124,88.8 118.01,69.245 106.68,48.642 98.324,34.933"
    },
    {
      "_gvid": 11,
      "tail": 6,
      "head": 7,
      "label": "7",
      "lp": "43.5,151.2",
      "pos": "26.941,285.55 27.255,248.76 30.396,159.57 52,88.8 57.972,69.239 69.305,48.637 77.666,34.93"
    },
    {
      "_gvid": 12,
      "tail": 6,
      "head": 8,
      "label": "4",
      "lp": "70.5,249.6",
      "pos": "36.265,286.5 47.73,266.58 67.143,232.84 78.648,212.85"
    },
    {
      "_gvid": 13,
      "tail": 8,
      "head": 9,
      "label": "3",
      "lp": "91.5,151.2",
      "pos": "88,177.45 88,162.23 88,140.12 88,124.91"
    },
    {
      "_gvid": 14,
      "tail": 9,
      "head": 7,
      "label": "5",
      "lp": "91.5,62.4",
      "pos": "88,88.651 88,73.434 88,51.32 88,36.113"
    }
  ]
}s