{
  "name": "G",
  "directed": false,
  "strict": false,
  "bb": "0,0,322,568.8",
  "_subgraph_cnt": 0,
  "objects": [
    {
      "_gvid": 0,
      "name": "1",
      "height": "0.5",
      "label": "\\N",
      "pos": "147,550.8",
      "width": "0.75"
    },
    {
      "_gvid": 1,
      "name": "2",
      "height": "0.5",
      "label": "\\N",
      "pos": "219,462",
      "width": "0.75"
    },
    {
      "_gvid": 2,
      "name": "3",
      "height": "0.5",
      "label": "\\N",
      "pos": "147,462",
      "width": "0.75"
    },
    {
      "_gvid": 3,
      "name": "4",
      "height": "0.5",
      "label": "\\N",
      "pos": "75,462",
      "width": "0.75"
    },
    {
      "_gvid": 4,
      "name": "5",
      "height": "0.5",
      "label": "\\N",
      "pos": "243,373.2",
      "width": "0.75"
    },
    {
      "_gvid": 5,
      "name": "6",
      "height": "0.5",
      "label": "\\N",
      "pos": "99,284.4",
      "width": "0.75"
    },
    {
      "_gvid": 6,
      "name": "11",
      "height": "0.5",
      "label": "\\N",
      "pos": "171,284.4",
      "width": "0.75"
    },
    {
      "_gvid": 7,
      "name": "12",
      "height": "0.5",
      "label": "\\N",
      "pos": "243,284.4",
      "width": "0.75"
    },
    {
      "_gvid": 8,
      "name": "14",
      "height": "0.5",
      "label": "\\N",
      "pos": "171,195.6",
      "width": "0.75"
    },
    {
      "_gvid": 9,
      "name": "15",
      "height": "0.5",
      "label": "\\N",
      "pos": "232,106.8",
      "width": "0.75"
    },
    {
      "_gvid": 10,
      "name": "16",
      "height": "0.5",
      "label": "\\N",
      "pos": "232,18",
      "width": "0.75"
    },
    {
      "_gvid": 11,
      "name": "13",
      "height": "0.5",
      "label": "\\N",
      "pos": "99,195.6",
      "width": "0.75"
    },
    {
      "_gvid": 12,
      "name": "7",
      "height": "0.5",
      "label": "\\N",
      "pos": "295,195.6",
      "width": "0.75"
    },
    {
      "_gvid": 13,
      "name": "8",
      "height": "0.5",
      "label": "\\N",
      "pos": "56,373.2",
      "width": "0.75"
    },
    {
      "_gvid": 14,
      "name": "10",
      "height": "0.5",
      "label": "\\N",
      "pos": "27,284.4",
      "width": "0.75"
    },
    {
      "_gvid": 15,
      "name": "9",
      "height": "0.5",
      "label": "\\N",
      "pos": "171,373.2",
      "width": "0.75"
    }
  ],
  "edges": [
    {
      "_gvid": 0,
      "tail": 0,
      "head": 1,
      "label": "5",
      "lp": "192.5,506.4",
      "pos": "159.54,534.68 172.68,518.85 193.19,494.12 206.36,478.24"
    },
    {
      "_gvid": 1,
      "tail": 0,
      "head": 2,
      "label": "8",
      "lp": "150.5,506.4",
      "pos": "147,532.65 147,517.43 147,495.32 147,480.11"
    },
    {
      "_gvid": 2,
      "tail": 0,
      "head": 3,
      "label": "2",
      "lp": "120.5,506.4",
      "pos": "134.46,534.68 121.32,518.85 100.81,494.12 87.639,478.24"
    },
    {
      "_gvid": 3,
      "tail": 1,
      "head": 4,
      "label": "7",
      "lp": "236.5,417.6",
      "pos": "223.63,444.26 227.85,428.99 234.06,406.53 238.3,391.18"
    },
    {
      "_gvid": 4,
      "tail": 1,
      "head": 5,
      "label": "3",
      "lp": "131.5,373.2",
      "pos": "201.64,448.13 175.95,429.02 130.54,394.98 128,391.2 109.51,363.7 102.76,324.71 100.33,302.55"
    },
    {
      "_gvid": 5,
      "tail": 2,
      "head": 12,
      "label": "4",
      "lp": "308.5,328.8",
      "pos": "163.9,447.62 178.97,436.19 201.99,419.95 224,409.2 247.11,397.91 263.06,411.39 279,391.2 320.69,338.39 307.35,250.48 299.25,213.65"
    },
    {
      "_gvid": 6,
      "tail": 2,
      "head": 13,
      "label": "6",
      "lp": "113.5,417.6",
      "pos": "131.97,446.67 115.11,430.58 87.919,404.65 71.049,388.55"
    },
    {
      "_gvid": 7,
      "tail": 3,
      "head": 14,
      "label": "9",
      "lp": "16.5,373.2",
      "pos": "57.83,447.95 42.77,435.32 21.924,414.68 13,391.2 1.6141,361.24 12.01,323.45 19.949,302.1"
    },
    {
      "_gvid": 8,
      "tail": 3,
      "head": 15,
      "label": "1",
      "lp": "141.5,417.6",
      "pos": "92.975,448.31 101.69,441.92 112.15,433.87 121,426 134.08,414.37 147.81,399.97 157.56,389.31"
    },
    {
      "_gvid": 9,
      "tail": 4,
      "head": 6,
      "label": "3",
      "lp": "198.5,328.8",
      "pos": "222.92,360.85 213.52,354.78 202.72,346.61 195,337.2 186.57,326.93 180.39,313.22 176.42,302.49"
    },
    {
      "_gvid": 10,
      "tail": 4,
      "head": 7,
      "label": "2",
      "lp": "246.5,328.8",
      "pos": "243,355.05 243,339.83 243,317.72 243,302.51"
    },
    {
      "_gvid": 11,
      "tail": 5,
      "head": 8,
      "label": "5",
      "lp": "144.5,240",
      "pos": "111.54,268.28 124.68,252.45 145.19,227.72 158.36,211.84"
    },
    {
      "_gvid": 12,
      "tail": 5,
      "head": 11,
      "label": "7",
      "lp": "102.5,240",
      "pos": "99,266.25 99,251.03 99,228.92 99,213.71"
    },
    {
      "_gvid": 13,
      "tail": 6,
      "head": 8,
      "label": "3",
      "lp": "174.5,240",
      "pos": "171,266.25 171,251.03 171,228.92 171,213.71"
    },
    {
      "_gvid": 14,
      "tail": 7,
      "head": 9,
      "label": "9",
      "lp": "241.5,195.6",
      "pos": "241.93,266.24 239.82,232.67 235.19,158.65 233.08,125.03"
    },
    {
      "_gvid": 15,
      "tail": 8,
      "head": 9,
      "label": "4",
      "lp": "209.5,151.2",
      "pos": "181.91,179.08 192.94,163.38 209.91,139.23 220.98,123.48"
    },
    {
      "_gvid": 16,
      "tail": 9,
      "head": 10,
      "label": "8",
      "lp": "235.5,62.4",
      "pos": "232,88.651 232,73.434 232,51.32 232,36.113"
    },
    {
      "_gvid": 17,
      "tail": 11,
      "head": 10,
      "label": "7",
      "lp": "181.5,106.8",
      "pos": "110.57,179.32 135.72,146.11 195.15,67.657 220.36,34.366"
    },
    {
      "_gvid": 18,
      "tail": 12,
      "head": 9,
      "label": "8",
      "lp": "272.5,151.2",
      "pos": "283.74,179.08 272.34,163.38 254.82,139.23 243.38,123.48"
    },
    {
      "_gvid": 19,
      "tail": 12,
      "head": 10,
      "label": "4",
      "lp": "282.5,106.8",
      "pos": "291.85,177.38 287.69,156.13 279.51,119.1 268,88.8 260.69,69.553 249.48,48.727 241.51,34.881"
    },
    {
      "_gvid": 20,
      "tail": 13,
      "head": 14,
      "label": "6",
      "lp": "48.5,328.8",
      "pos": "50.409,355.46 45.273,340.09 37.704,317.44 32.574,302.08"
    },
    {
      "_gvid": 21,
      "tail": 14,
      "head": 11,
      "label": "2",
      "lp": "73.5,240",
      "pos": "39.541,268.28 52.676,252.45 73.19,227.72 86.361,211.84"
    },
    {
      "_gvid": 22,
      "tail": 15,
      "head": 6,
      "label": "5",
      "lp": "168.5,328.8",
      "pos": "167.49,355.18 166.47,349.49 165.5,343.1 165,337.2 164.37,329.76 164.37,327.84 165,320.4 165.5,314.5 166.47,308.11 167.49,302.42"
    },
    {
      "_gvid": 23,
      "tail": 15,
      "head": 7,
      "label": "1",
      "lp": "216.5,328.8",
      "pos": "183.54,357.08 196.68,341.25 217.19,316.52 230.36,300.64"
    }
  ]
}
